{"cameraMode":{"drawMode":0,"name":"Shaded","section":"Shading Mode"},"sceneLighting":false,"audioPlay":false,"sceneViewState":{"m_AlwaysRefresh":false,"showFog":true,"showSkybox":false,"showFlares":true,"showImageEffects":true,"showParticleSystems":true,"showVisualEffectGraphs":true,"m_FxEnabled":true},"in2DMode":false,"pivot":{"x":-0.10816261917352677,"y":0.1600123941898346,"z":0.15414656698703767},"rotation":{"x":0.16058658063411714,"y":-0.6893321871757507,"z":0.1616024225950241,"w":0.6878852248191834},"size":0.4968620240688324,"orthographic":false}