{"cameraMode":{"drawMode":0,"name":"Shaded","section":"Shading Mode"},"sceneLighting":false,"audioPlay":false,"sceneViewState":{"m_AlwaysRefresh":false,"showFog":true,"showSkybox":false,"showFlares":true,"showImageEffects":true,"showParticleSystems":true,"showVisualEffectGraphs":true,"m_FxEnabled":true},"in2DMode":false,"pivot":{"x":1.230948567390442,"y":1.0962167978286744,"z":0.12547332048416139},"rotation":{"x":-0.18377260863780976,"y":0.6635512709617615,"z":-0.17324070632457734,"w":-0.7042793035507202},"size":0.06968078762292862,"orthographic":false}