{"cameraMode":{"drawMode":0,"name":"Shaded","section":"Shading Mode"},"sceneLighting":false,"audioPlay":false,"sceneViewState":{"m_AlwaysRefresh":false,"showFog":true,"showSkybox":false,"showFlares":true,"showImageEffects":true,"showParticleSystems":true,"showVisualEffectGraphs":true,"m_FxEnabled":true},"in2DMode":false,"pivot":{"x":0.24106699228286744,"y":0.1902049481868744,"z":0.2800600230693817},"rotation":{"x":-0.17823567986488343,"y":-0.6703642010688782,"z":0.17063285410404206,"w":-0.6998720765113831},"size":0.5082119703292847,"orthographic":false}