{"cameraMode":{"drawMode":0,"name":"Shaded","section":"Shading Mode"},"sceneLighting":false,"audioPlay":false,"sceneViewState":{"m_AlwaysRefresh":false,"showFog":true,"showSkybox":false,"showFlares":true,"showImageEffects":true,"showParticleSystems":true,"showVisualEffectGraphs":true,"m_FxEnabled":true},"in2DMode":false,"pivot":{"x":0.46316948533058169,"y":0.6554833054542542,"z":-0.12210576236248017},"rotation":{"x":-0.20953719317913056,"y":-0.6620098948478699,"z":0.2006186544895172,"w":-0.6911467909812927},"size":0.9451273083686829,"orthographic":false}