{"cameraMode":{"drawMode":0,"name":"Shaded","section":"Shading Mode"},"sceneLighting":false,"audioPlay":false,"sceneViewState":{"showFog":true,"showMaterialUpdate":false,"showSkybox":false,"showFlares":true,"showImageEffects":true,"showParticleSystems":true},"in2DMode":false,"pivot":{"x":-0.0003228187561035156,"y":0.8452591300010681,"z":-0.05883327126502991},"rotation":{"x":0.1568252593278885,"y":0.5228449106216431,"z":-0.09859077632427216,"w":0.8321102261543274},"size":4.68420934677124,"orthographic":false}