{"cameraMode":{"drawMode":0,"name":"Shaded","section":"Shading Mode"},"sceneLighting":false,"audioPlay":false,"sceneViewState":{"showFog":true,"showMaterialUpdate":false,"showSkybox":false,"showFlares":true,"showImageEffects":true,"showParticleSystems":true},"in2DMode":false,"pivot":{"x":-0.0004055500030517578,"y":0.8460253477096558,"z":-0.017404913902282716},"rotation":{"x":0.1568252593278885,"y":0.5228449106216431,"z":-0.09859077632427216,"w":0.8321102261543274},"size":4.684582233428955,"orthographic":false}