{"cameraMode":{"drawMode":0,"name":"Shaded","section":"Shading Mode"},"sceneLighting":false,"audioPlay":false,"sceneViewState":{"m_AlwaysRefresh":false,"showFog":true,"showSkybox":false,"showFlares":true,"showImageEffects":true,"showParticleSystems":true,"showVisualEffectGraphs":true,"m_FxEnabled":true},"in2DMode":false,"pivot":{"x":100.08999633789063,"y":0.9900000095367432,"z":-26.239999771118165},"rotation":{"x":0.03388607129454613,"y":0.8945392370223999,"z":-0.06884758174419403,"w":0.44039979577064516},"size":0.9949880242347717,"orthographic":false}